<?xml version="1.0" encoding="UTF-8"?>
    <addon id="repository.Sarcasm" name="Sarcasm" version="1.0.0" provider-name="JimmyJones">
        <requires>
            <import addon="xbmc.addon" version="12.0.0"/>
        </requires>
        <extension point="xbmc.addon.repository" name="Sarcasm">
            <info compressed="false">https://raw.githubusercontent.com/j1mmyjones/sarcasm/master/_zips/addons.xml</info>
            <checksum>https://raw.githubusercontent.com/j1mmyjones/sarcasm/master/_zips/addons.xml.md5</checksum>
            <datadir zip="true">https://raw.githubusercontent.com/j1mmyjones/sarcasm/master/_zips/</datadir>
            <hashes>false</hashes>
        </extension>
        <extension point="xbmc.addon.metadata">
            <summary>Addons for XBMC/Kodi.</summary>
            <description>Some addons may contain Adult content YOU have been warned.</description>
            <platform>all</platform>
    </extension>
</addon>