<?xml version="1.0" encoding="UTF-8" standalone="yes"?>
<addon id="plugin.video.yd" name="YD Movies" version="0.0.2" provider-name="Jimmy Jones">
  <requires>
    <import addon="xbmc.python" version="2.1.0"/>
	<import addon="script.module.addon.common" />
	<import addon="script.module.requests" />
	<import addon="script.module.beautifulsoup4" />
	<import addon="script.module.resolveurl"/>
  </requires>
  <extension point="xbmc.python.pluginsource" library="default.py">
		<provides>video</provides>
  </extension>
  <extension point="xbmc.addon.metadata">
	<summary lang="en">YD Movies</summary>
	<description lang="en">A video Addon that scrapes ydmoviez.com</description>
	<disclaimer lang="en">The original author neither hosts or stores any content, the original author has no affiliation with content hosts, it is the sole responsibility of the user to ensure they have permission to view any streams provided</disclaimer>
	<platform>all</platform>
	<broken>Need to Fix the links</broken>
  </extension>
</addon>
